data,num_offerta,val_offerta,stato_offerta,n_pacchi_rimasti,valore_atteso,mediana_rimasti,max_rimasto,min_rimasto,std_rimasti,n_valori_alti,ratio_offerta_va
12/02/2024,1,30000,Rifiutata,15,36785.73,1000.0,300000,1,76137.35,3,0.8155
12/02/2024,2,37000,Rifiutata,9,41784.0,10000.0,300000,1,91840.97,1,0.8855
12/02/2024,3,37000,Rifiutata,7,48722.29,1000.0,300000,1,103083.86,1,0.7594
12/02/2024,4,5000,Rifiutata,5,6211.2,50.0,30000,1,11900.48,0,0.805
13/02/2024,1,9000,Rifiutata,12,12205.0,150.0,100000,5,27746.64,1,0.7374
13/02/2024,2,10000,Rifiutata,9,14606.11,100.0,100000,10,31589.4,1,0.6846
13/02/2024,3,11000,Rifiutata,3,10400.0,1000.0,30000,200,13863.14,0,1.0577
14/02/2024,1,23000,Rifiutata,15,30796.4,500.0,300000,0,76168.69,2,0.7468
14/02/2024,2,3000,Rifiutata,9,3535.67,500.0,15000,1,5150.96,0,0.8485
15/02/2024,1,30000,Rifiutata,15,36430.4,1000.0,300000,1,76275.14,3,0.8235
15/02/2024,2,35000,Rifiutata,12,45530.0,10000.0,300000,10,82815.2,3,0.7687
15/02/2024,3,25000,Rifiutata,9,41240.0,5000.0,300000,10,92041.28,1,0.6062
15/02/2024,4,29000,Rifiutata,8,45770.0,8000.0,300000,10,96673.98,1,0.6336
15/02/2024,5,30000,Rifiutata,6,57676.67,8000.0,300000,10,108908.54,1,0.5201
15/02/2024,6,40000,Rifiutata,5,69202.0,15000.0,300000,10,115914.98,1,0.578
15/02/2024,7,40000,Accettata,4,79002.5,8000.0,300000,10,127730.6,1,0.5063
16/02/2024,1,17000,Rifiutata,12,15953.33,150.0,100000,0,29505.58,2,1.0656
16/02/2024,2,18000,Rifiutata,8,20160.62,600.0,100000,0,34185.96,2,0.8928
16/02/2024,3,6000,Rifiutata,6,10212.5,600.0,50000,0,18144.21,1,0.5875
17/02/2024,1,29000,Rifiutata,15,32779.0,1000.0,200000,0,53872.89,4,0.8847
17/02/2024,2,14500,Rifiutata,9,16296.67,500.0,100000,0,31155.58,1,0.8898
17/02/2024,3,18000,Rifiutata,6,21928.33,750.0,100000,20,36551.66,1,0.8209
17/02/2024,4,24000,Rifiutata,5,26214.0,1000.0,100000,20,38639.7,1,0.9155
17/02/2024,5,20000,Accettata,4,25267.5,525.0,100000,20,43148.63,1,0.7915
18/02/2024,1,33000,Rifiutata,15,33119.73,5000.0,200000,0,53679.63,4,0.9964
18/02/2024,2,39000,Rifiutata,9,42341.67,20000.0,200000,0,60841.92,3,0.9211
18/02/2024,3,45000,Rifiutata,8,47634.38,25000.0,200000,75,62548.72,3,0.9447
18/02/2024,4,40000,Rifiutata,5,50215.0,20000.0,200000,75,75753.91,1,0.7966
18/02/2024,5,45000,Accettata,4,55268.75,10500.0,200000,75,83938.17,1,0.8142
19/02/2024,1,30000,Rifiutata,15,32097.4,200.0,300000,1,74787.44,3,0.9347
19/02/2024,2,43000,Rifiutata,9,53467.22,15000.0,300000,5,90444.79,3,0.8042
19/02/2024,3,5000,Rifiutata,5,8241.0,1000.0,30000,5,11501.91,0,0.6067
20/02/2024,1,25000,Rifiutata,15,30779.07,500.0,300000,0,76175.67,2,0.8122
20/02/2024,2,10000,Rifiutata,12,12638.83,300.0,100000,0,27740.44,1,0.7912
20/02/2024,3,17000,Rifiutata,8,17014.5,550.0,100000,1,32806.37,1,0.9991
20/02/2024,4,21000,Rifiutata,7,19445.0,1000.0,100000,5,34391.14,1,1.08
20/02/2024,5,29000,Rifiutata,5,26221.0,1000.0,100000,5,38634.97,1,1.106
20/02/2024,6,9000,Rifiutata,4,7776.25,550.0,30000,5,12836.76,0,1.1574
21/02/2024,1,36000,Rifiutata,15,40125.33,10000.0,300000,0,75542.78,4,0.8972
21/02/2024,2,23000,Rifiutata,9,29633.33,10000.0,100000,0,35313.01,3,0.7762
21/02/2024,3,9000,Rifiutata,7,13100.0,1000.0,50000,0,18126.62,1,0.687
21/02/2024,4,13000,Rifiutata,4,15250.0,5500.0,50000,0,20437.4,1,0.8525
21/02/2024,5,23000,Rifiutata,3,20333.33,10000.0,50000,1000,21296.84,1,1.1311
22/02/2024,1,32000,Rifiutata,15,42445.07,1000.0,300000,0,85577.45,3,0.7539
22/02/2024,2,20000,Rifiutata,9,36839.56,1000.0,300000,1,93176.58,1,0.5429
22/02/2024,3,25000,Rifiutata,7,45936.43,1000.0,300000,5,103840.65,1,0.5442
22/02/2024,4,31000,Accettata,6,53509.17,3000.0,300000,5,110356.71,1,0.5793
23/02/2024,1,31000,Rifiutata,15,33772.73,10000.0,200000,1,53333.72,4,0.9179
23/02/2024,2,25000,Rifiutata,9,29612.78,10000.0,100000,5,35330.19,3,0.8442
23/02/2024,3,16000,Rifiutata,5,32202.0,10000.0,100000,10,38512.74,2,0.4969
23/02/2024,4,35000,Rifiutata,3,37000.0,10000.0,100000,1000,44698.99,1,0.9459
25/02/2024,1,41000,Rifiutata,15,51079.0,5000.0,300000,0,85494.66,5,0.8027
25/02/2024,2,22000,Rifiutata,9,34573.89,1000.0,200000,5,62798.47,2,0.6363
25/02/2024,3,22000,Rifiutata,6,46026.67,550.0,200000,10,74066.74,2,0.478
25/02/2024,4,33000,Rifiutata,4,50277.5,550.0,200000,10,86443.19,1,0.6564
25/02/2024,5,55000,Accettata,3,67033.33,1000.0,200000,100,94022.35,1,0.8205
26/02/2024,1,33000,Rifiutata,15,31452.73,1000.0,200000,0,54352.05,4,1.0492
26/02/2024,2,39000,Rifiutata,12,39298.42,7500.0,200000,1,58179.94,4,0.9924
26/02/2024,3,9000,Rifiutata,9,10731.22,1000.0,50000,1,16632.71,1,0.8387
26/02/2024,4,13000,Rifiutata,4,15251.25,5500.0,50000,5,20436.47,1,0.8524
27/02/2024,1,40000,Rifiutata,15,47789.07,1000.0,300000,1,86417.35,4,0.837
27/02/2024,2,32000,Rifiutata,9,47423.33,1000.0,300000,10,94390.18,2,0.6748
27/02/2024,3,32000,Rifiutata,7,45972.86,500.0,300000,10,103927.7,1,0.6961
27/02/2024,4,40000,Rifiutata,6,53551.67,600.0,300000,10,110449.36,1,0.7469
27/02/2024,5,32000,Rifiutata,5,60262.0,200.0,300000,10,119869.52,1,0.531
27/02/2024,6,45000,Accettata,4,75302.5,600.0,300000,10,129729.69,1,0.5976
28/02/2024,1,42000,Rifiutata,15,52445.33,10000.0,300000,0,84899.38,5,0.8008
28/02/2024,2,30000,Rifiutata,9,36288.89,5000.0,200000,0,62293.49,2,0.8267
28/02/2024,3,10000,Rifiutata,8,15825.0,3000.0,75000,0,24425.44,1,0.6319
28/02/2024,4,14000,Rifiutata,4,11625.0,8000.0,30000,500,12100.49,0,1.2043
17/05/2024,1,46000,Rifiutata,15,53742.0,15000.0,300000,0,84242.89,5,0.8559
17/05/2024,2,50000,Rifiutata,12,64669.17,22500.0,300000,0,90871.15,5,0.7732
17/05/2024,3,55000,Rifiutata,9,79002.22,30000.0,300000,0,100210.25,4,0.6962
17/05/2024,4,61000,Rifiutata,7,96574.29,75000.0,300000,0,107131.33,4,0.6316
17/05/2024,5,150000,Rifiutata,3,125333.33,75000.0,300000,1000,127149.08,2,1.1968
29/02/2024,1,43000,Rifiutata,15,50795.33,5000.0,300000,5,85614.96,5,0.8465
29/02/2024,2,25000,Rifiutata,9,31319.44,1000.0,200000,75,61619.93,2,0.7982
29/02/2024,3,9000,Rifiutata,7,11685.71,1000.0,50000,100,17093.89,1,0.7702
16/03/2024,1,42000,Rifiutata,15,45458.07,1000.0,300000,0,86353.83,4,0.9239
16/03/2024,2,34000,Rifiutata,9,57402.22,1000.0,300000,0,105657.27,2,0.5923
16/03/2024,3,22000,Rifiutata,7,45217.14,1000.0,300000,0,104070.11,1,0.4865
16/03/2024,4,30000,Rifiutata,5,61300.0,1000.0,300000,0,119363.14,1,0.4894
16/03/2024,5,42000,Rifiutata,4,75375.0,750.0,300000,0,129687.79,1,0.5572
16/03/2024,6,72000,Accettata,3,100500.0,1000.0,300000,500,141067.95,1,0.7164
17/03/2024,1,45000,Rifiutata,15,49783.73,5000.0,300000,0,85634.88,4,0.9039
17/03/2024,2,45000,Rifiutata,9,67950.56,15000.0,300000,5,102575.58,3,0.6622
17/03/2024,3,45000,Rifiutata,6,51841.67,17500.0,200000,50,70858.61,2,0.868
17/03/2024,4,5000,Rifiutata,4,9012.5,8000.0,20000,50,8676.14,0,0.5548
18/03/2024,1,22000,Rifiutata,12,36808.42,750.0,300000,1,83861.47,2,0.5977
18/03/2024,2,8000,,8,14525.12,87.5,100000,1,32669.14,1,0.5508
18/03/2024,3,34000,Accettata,3,33668.33,1000.0,100000,5,46905.33,1,1.0099
19/03/2024,1,15000,Rifiutata,15,17116.73,500.0,100000,0,30639.33,3,0.8763
19/03/2024,2,9000,Rifiutata,12,11806.33,300.0,75000,0,23414.01,2,0.7623
19/03/2024,3,15000,Rifiutata,7,18024.43,100.0,75000,1,28913.3,2,0.8322
19/03/2024,4,31000,Rifiutata,4,31500.25,25500.0,75000,1,32237.16,2,0.9841
20/03/2024,1,38000,Rifiutata,15,47447.33,5000.0,300000,5,85628.08,4,0.8009
20/03/2024,2,30000,Rifiutata,9,43512.78,1000.0,300000,5,92171.94,2,0.6895
20/03/2024,3,7000,Rifiutata,8,11451.88,750.0,50000,5,17507.49,1,0.6113
21/03/2024,1,40000,Rifiutata,15,46097.4,200.0,300000,1,87130.75,4,0.8677
21/03/2024,2,25000,Rifiutata,7,43039.29,200.0,200000,5,72736.69,2,0.5809
21/03/2024,3,30000,Rifiutata,6,50204.17,600.0,200000,5,76243.35,2,0.5976
21/03/2024,4,35000,Rifiutata,5,60241.0,1000.0,200000,5,79819.98,2,0.581
21/03/2024,5,40000,Rifiutata,4,75300.0,50500.0,200000,200,82644.84,2,0.5312
21/03/2024,6,30000,Accettata,3,33733.33,1000.0,100000,200,46858.75,1,0.8893
22/03/2024,1,22000,Rifiutata,15,24462.73,500.0,200000,1,51510.47,3,0.8993
22/03/2024,2,30000,Rifiutata,9,30702.89,1000.0,200000,1,61861.89,2,0.9771
22/03/2024,3,19000,Rifiutata,7,32332.14,1000.0,200000,50,68773.41,1,0.5877
22/03/2024,4,35000,Accettata,4,51518.75,3000.0,200000,75,85745.67,1,0.6794
23/03/2024,1,37000,Rifiutata,15,44129.73,1000.0,300000,1,86425.23,3,0.8384
23/03/2024,2,20000,Rifiutata,9,38463.44,1000.0,300000,1,92922.36,1,0.52
23/03/2024,3,32000,Rifiutata,6,56020.0,3000.0,300000,20,109617.95,1,0.5712
23/03/2024,4,40000,Rifiutata,5,67220.0,5000.0,300000,100,116904.55,1,0.5951
23/03/2024,5,52000,Accettata,4,82775.0,15500.0,300000,100,125990.28,1,0.6282
25/03/2024,1,39000,Rifiutata,15,48419.07,1000.0,300000,0,86259.28,4,0.8055
25/03/2024,2,30000,Rifiutata,9,60691.22,1000.0,300000,0,104336.65,2,0.4943
25/03/2024,3,15000,Rifiutata,6,36003.5,510.0,200000,0,73539.66,1,0.4166
25/03/2024,4,30000,Rifiutata,4,50250.25,500.5,200000,0,86459.02,1,0.597
26/03/2024,1,33000,Rifiutata,12,38057.58,750.0,200000,1,58910.74,4,0.8671
26/03/2024,2,39000,Rifiutata,9,47398.89,1000.0,200000,5,64898.52,4,0.8228
26/03/2024,3,19000,Rifiutata,8,28323.75,750.0,100000,5,38256.33,3,0.6708
26/03/2024,4,33000,Rifiutata,5,35217.0,1000.0,100000,10,43416.17,2,0.937
26/03/2024,5,39000,Rifiutata,4,44002.5,38000.0,100000,10,44387.84,2,0.8863
18/05/2024,1,28000,Rifiutata,15,42109.07,5000.0,300000,1,84677.29,3,0.6649
18/05/2024,2,28000,Rifiutata,12,34678.0,3000.0,300000,1,81391.67,2,0.8074
18/05/2024,3,35000,Rifiutata,9,46234.44,10000.0,300000,10,91096.65,2,0.757
18/05/2024,4,15000,Accettata,8,14513.75,7500.0,50000,10,16736.26,1,1.0335
02/03/2024,1,30000,Rifiutata,15,30455.4,5000.0,200000,1,53766.98,3,0.985
02/03/2024,2,40000,Rifiutata,9,47369.44,20000.0,200000,50,63884.68,3,0.8444
02/03/2024,3,40000,Rifiutata,7,46607.14,20000.0,200000,50,67316.38,2,0.8582
02/03/2024,4,45000,Rifiutata,6,54366.67,25000.0,200000,200,69751.5,2,0.8277
02/03/2024,5,53000,Rifiutata,5,65200.0,30000.0,200000,1000,71653.05,2,0.8129
03/03/2024,1,44000,Rifiutata,15,52423.33,10000.0,300000,5,84912.88,5,0.8393
03/03/2024,2,44000,Rifiutata,9,59563.89,15000.0,300000,75,91253.79,3,0.7387
03/03/2024,3,51000,Rifiutata,8,65759.38,22500.0,300000,75,94987.92,3,0.7756
03/03/2024,4,80000,Accettata,4,94018.75,38000.0,300000,75,122747.61,2,0.8509
04/03/2024,1,25000,Rifiutata,12,25108.42,12500.0,100000,0,31866.73,3,0.9957
04/03/2024,2,30000,Rifiutata,9,24011.22,15000.0,100000,0,31335.39,2,1.2494
04/03/2024,3,20000,Rifiutata,6,24333.5,8000.0,100000,0,35527.65,1,0.8219
04/03/2024,4,30000,Rifiutata,5,29200.0,15000.0,100000,0,37048.08,1,1.0274
04/03/2024,5,25000,Rifiutata,4,29000.0,8000.0,100000,0,41418.59,1,0.8621
04/03/2024,6,50000,Accettata,3,38666.67,15000.0,100000,1000,43744.21,1,1.2931
05/03/2024,1,41000,Rifiutata,15,48742.73,10000.0,300000,1,85054.18,4,0.8412
05/03/2024,2,50000,Rifiutata,9,76778.33,20000.0,300000,5,100053.76,4,0.6512
05/03/2024,3,55000,Rifiutata,6,81000.0,35000.0,300000,1000,103085.72,3,0.679
05/03/2024,4,55000,Rifiutata,5,87200.0,20000.0,300000,1000,111898.88,2,0.6307
05/03/2024,5,72000,Rifiutata,4,105250.0,60000.0,300000,1000,118417.43,2,0.6841
05/03/2024,6,60000,Accettata,3,40333.33,20000.0,100000,1000,42897.81,1,1.4876
06/03/2024,1,22000,Rifiutata,15,20422.4,5000.0,100000,0,30022.14,3,1.0772
06/03/2024,2,14000,Rifiutata,12,15528.0,600.0,75000,0,23509.97,2,0.9016
06/03/2024,3,22000,Rifiutata,7,20897.86,1000.0,75000,10,27951.5,2,1.0527
06/03/2024,4,11000,Accettata,5,15257.0,200.0,75000,10,29873.62,1,0.721
07/03/2024,1,25000,Rifiutata,15,25453.4,1000.0,200000,0,52872.91,2,0.9822
07/03/2024,2,15000,Rifiutata,9,26842.22,1000.0,200000,0,61614.13,1,0.5588
07/03/2024,3,5000,Rifiutata,8,5197.5,750.0,20000,0,7375.16,0,0.962
08/03/2024,1,36000,Rifiutata,12,61762.08,17500.0,300000,0,91913.16,4,0.5829
08/03/2024,2,36000,Accettata,9,49002.22,20000.0,200000,0,62840.22,3,0.7347
08/03/2024,3,41000,Rifiutata,8,55127.5,25000.0,200000,20,64068.98,3,0.7437
08/03/2024,4,30000,Rifiutata,5,41204.0,30000.0,100000,20,40092.77,2,0.7281
08/03/2024,5,25000,Rifiutata,4,26505.0,15500.0,75000,20,30479.26,1,0.9432
09/03/2024,1,43000,Rifiutata,15,52772.4,15000.0,300000,1,84804.62,5,0.8148
09/03/2024,2,20000,Rifiutata,9,39062.89,500.0,300000,1,92836.82,1,0.512
09/03/2024,3,20000,Rifiutata,7,45937.86,500.0,300000,5,103943.15,1,0.4354
09/03/2024,4,25000,Rifiutata,6,53593.33,750.0,300000,10,110429.3,1,0.4665
09/03/2024,5,33000,Rifiutata,5,64310.0,1000.0,300000,50,118086.72,1,0.5131
09/03/2024,6,38000,Rifiutata,4,75387.5,750.0,300000,50,129680.52,1,0.5041
10/03/2024,1,19000,Rifiutata,15,15456.4,1000.0,100000,0,26542.79,2,1.2293
10/03/2024,2,5000,Rifiutata,12,10985.5,3000.0,50000,1,15008.67,1,0.4551
10/03/2024,3,15000,Rifiutata,6,14375.0,3000.0,50000,50,19088.39,1,1.0435
10/03/2024,4,15000,Rifiutata,4,14012.5,3000.0,50000,50,20860.26,1,1.0705
10/03/2024,5,25000,Rifiutata,3,18666.67,5000.0,50000,1000,22216.11,1,1.3393
11/03/2024,1,24000,Rifiutata,15,27451.73,1000.0,200000,0,53196.07,3,0.8743
11/03/2024,2,6000,Rifiutata,9,7391.78,500.0,50000,0,15400.23,1,0.8117
11/03/2024,3,10000,Rifiutata,4,15251.25,5500.0,50000,5,20436.47,1,0.6557
11/03/2024,4,20000,Accettata,3,17001.67,1000.0,50000,5,23336.88,1,1.1764
12/03/2024,1,34000,Rifiutata,15,45430.07,200.0,300000,0,86426.34,4,0.7484
12/03/2024,2,49000,Rifiutata,9,70117.22,10000.0,300000,0,103415.65,3,0.6988
12/03/2024,3,30000,Rifiutata,7,44436.43,1000.0,200000,0,71990.9,2,0.6751
12/03/2024,4,13000,Rifiutata,5,20211.0,50.0,100000,0,39896.32,1,0.6432
12/03/2024,5,20000,Rifiutata,4,25262.5,525.0,100000,0,43151.56,1,0.7917
13/03/2024,1,38000,Rifiutata,15,39077.07,5000.0,300000,0,75925.73,4,0.9724
13/03/2024,2,18000,Rifiutata,9,19009.0,1000.0,100000,1,32487.47,2,0.9469
13/03/2024,3,18000,Rifiutata,7,17295.86,1000.0,100000,1,34136.23,1,1.0407
13/03/2024,4,18000,Rifiutata,5,21210.2,1000.0,100000,1,39437.65,1,0.8486
13/03/2024,5,1500,Rifiutata,4,1512.75,525.0,5000,1,2052.37,0,0.9916
14/03/2024,1,20000,Rifiutata,15,18790.67,500.0,100000,0,30719.12,3,1.0644
14/03/2024,2,25000,Rifiutata,12,23480.42,3000.0,100000,5,32704.91,3,1.0647
14/03/2024,3,20000,Rifiutata,7,22322.86,1000.0,75000,10,28126.94,2,0.8959
14/03/2024,4,20000,Rifiutata,4,26550.0,15500.0,75000,200,30440.23,1,0.7533
14/03/2024,5,30000,Accettata,3,25400.0,1000.0,75000,200,35074.02,1,1.1811
15/03/2024,1,46000,Rifiutata,15,53120.0,15000.0,300000,5,84597.19,5,0.866
15/03/2024,2,31000,Rifiutata,9,43500.56,20000.0,200000,5,60203.88,3,0.7126
15/03/2024,3,31000,Rifiutata,8,48937.5,25000.0,200000,500,61737.57,3,0.6335
15/03/2024,4,15000,Rifiutata,5,19300.0,15000.0,50000,500,18781.91,1,0.7772
27/03/2024,1,21000,Rifiutata,12,38468.0,3000.0,300000,1,82104.51,3,0.5459
27/03/2024,2,34000,Rifiutata,9,51233.89,10000.0,300000,5,91303.41,3,0.6636
27/03/2024,3,31000,Rifiutata,6,54350.83,3000.0,300000,5,110077.19,1,0.5704
27/03/2024,4,41000,Accettata,5,65220.0,5000.0,300000,100,117607.63,1,0.6286
28/03/2024,1,2000,Rifiutata,13,4758.46,200.0,30000,0,8579.67,0,0.4203
30/03/2024,1,38000,Rifiutata,15,45453.4,1000.0,300000,0,84994.56,4,0.836
30/03/2024,2,38000,Rifiutata,9,69619.56,1000.0,300000,0,102471.85,4,0.5458
30/03/2024,3,45000,Rifiutata,7,82296.57,1000.0,300000,0,112260.49,3,0.5468
30/03/2024,4,38000,Rifiutata,6,62679.33,537.5,300000,0,109585.44,2,0.6063
30/03/2024,5,60000,Rifiutata,4,94000.25,38000.0,300000,1,122761.77,2,0.6383
30/03/2024,6,30000,Accettata,3,25333.67,1000.0,75000,1,35121.77,1,1.1842
31/03/2024,1,44000,Rifiutata,15,51783.67,5000.0,300000,10,85265.49,5,0.8497
31/03/2024,2,35000,Rifiutata,9,41241.11,5000.0,200000,20,64501.12,3,0.8487
31/03/2024,3,35000,Rifiutata,7,38735.71,5000.0,200000,50,67873.65,2,0.9036
31/03/2024,4,35000,Accettata,5,41230.0,1000.0,200000,50,79405.85,1,0.8489
16/04/2024,1,35000,Rifiutata,15,38450.73,5000.0,300000,0,76026.05,4,0.9103
16/04/2024,2,18000,Rifiutata,9,21306.67,500.0,100000,0,36156.34,2,0.8448
16/04/2024,3,10000,Rifiutata,5,15312.0,500.0,75000,10,29846.16,1,0.6531
16/04/2024,4,23000,Accettata,3,25500.0,1000.0,75000,500,35002.38,1,0.902
17/04/2024,1,47000,Rifiutata,15,51783.0,10000.0,300000,20,85109.37,5,0.9076
17/04/2024,2,10000,Rifiutata,9,17349.44,5000.0,75000,20,25313.54,2,0.5764
17/04/2024,3,5000,Rifiutata,4,6518.75,5500.0,15000,75,6245.58,0,0.767
19/04/2024,1,33000,Rifiutata,15,45126.0,1000.0,300000,0,85139.48,4,0.7313
19/04/2024,2,39000,Rifiutata,9,65142.78,5000.0,300000,10,102866.59,3,0.5987
19/04/2024,3,4000,Rifiutata,6,6047.5,600.0,30000,10,10852.13,0,0.6614
20/04/2024,1,41000,Rifiutata,15,51430.4,1000.0,300000,1,85469.2,5,0.7972
20/04/2024,2,38000,Rifiutata,9,54570.67,1000.0,300000,1,93719.08,3,0.6963
20/04/2024,3,38000,Rifiutata,7,57305.14,75.0,300000,1,104890.32,2,0.6631
20/04/2024,4,45000,Accettata,6,66855.83,537.5,300000,10,110440.63,2,0.6731
21/04/2024,1,22000,Rifiutata,12,29733.42,750.0,200000,1,58178.88,2,0.7399
21/04/2024,2,27000,Rifiutata,9,37920.11,1000.0,200000,1,65029.59,2,0.712
21/04/2024,3,32000,Rifiutata,7,48743.0,10000.0,200000,1,70071.27,2,0.6565
21/04/2024,4,32000,Accettata,3,33733.33,1000.0,100000,200,46858.75,1,0.9486
22/04/2024,1,35000,Rifiutata,15,33116.67,5000.0,200000,5,53681.51,4,1.0569
22/04/2024,2,35000,Rifiutata,9,42902.78,15000.0,200000,5,63735.72,3,0.8158
22/04/2024,3,35000,Rifiutata,6,39337.5,8000.0,200000,5,72274.21,1,0.8897
22/04/2024,4,35000,Rifiutata,5,44205.0,1000.0,200000,5,78269.52,1,0.7918
23/04/2024,1,30000,Rifiutata,15,29130.33,1000.0,200000,10,54251.06,3,1.0299
23/04/2024,2,30000,Rifiutata,9,32377.22,1000.0,200000,20,63522.96,2,0.9266
23/04/2024,3,36000,Rifiutata,7,41585.0,5000.0,200000,20,69329.26,2,0.8657
24/04/2024,1,37000,Rifiutata,15,39758.67,5000.0,300000,0,75703.27,4,0.9306
24/04/2024,2,48000,Rifiutata,12,49693.33,17500.0,300000,20,81671.56,4,0.9659
24/04/2024,3,19000,Rifiutata,7,25871.43,20000.0,75000,100,26092.4,2,0.7344
24/04/2024,4,17000,Rifiutata,3,17033.33,1000.0,50000,100,23313.85,1,0.998
25/04/2024,1,30000,Rifiutata,15,27089.07,5000.0,200000,1,50838.82,3,1.1075
25/04/2024,2,33000,Rifiutata,12,32192.92,7500.0,200000,5,55482.31,3,1.0251
25/04/2024,3,25000,Rifiutata,9,32368.33,1000.0,200000,5,63527.48,2,0.7724
25/04/2024,4,25000,Rifiutata,8,35164.38,600.0,200000,5,66856.92,2,0.7109
25/04/2024,5,25000,Rifiutata,6,34352.5,550.0,200000,5,74100.66,1,0.7277
25/04/2024,6,38000,Rifiutata,4,51502.5,3000.0,200000,10,85755.42,1,0.7378
25/04/2024,7,65000,Rifiutata,3,68666.67,5000.0,200000,1000,92881.05,1,0.9466
26/04/2024,1,4300,Rifiutata,9,4017.78,50.0,30000,0,9313.82,0,1.0702
27/04/2024,1,39000,Rifiutata,15,47421.07,5000.0,300000,0,85642.55,4,0.8224
27/04/2024,2,50000,Rifiutata,9,74578.33,15000.0,300000,5,101485.46,4,0.6704
27/04/2024,3,65000,Rifiutata,6,92700.0,27500.0,300000,200,116165.33,3,0.7012
27/04/2024,4,115000,Rifiutata,4,126500.0,102500.0,300000,1000,128468.87,2,0.9091
27/04/2024,5,115000,Accettata,3,102000.0,5000.0,300000,1000,140016.67,1,1.1275
19/05/2024,1,44000,Rifiutata,15,52452.4,10000.0,300000,0,84953.9,5,0.8389
19/05/2024,2,44000,Rifiutata,12,58898.83,5500.0,300000,1,93317.3,4,0.747
19/05/2024,3,44000,Rifiutata,9,66254.0,1000.0,300000,1,103558.74,3,0.6641
19/05/2024,4,35000,Rifiutata,8,65160.75,600.0,300000,1,109791.65,2,0.5371
19/05/2024,5,19000,Accettata,7,31612.29,200.0,200000,1,69081.41,1,0.601
01/04/2024,1,36000,Rifiutata,15,39455.0,5000.0,300000,0,75807.14,4,0.9124
01/04/2024,2,29000,Rifiutata,9,43533.89,1000.0,300000,5,93508.47,2,0.6661
01/04/2024,3,8000,Rifiutata,8,11475.62,750.0,75000,5,24232.67,1,0.6971
01/04/2024,4,25000,Accettata,3,25400.0,1000.0,75000,200,35074.02,1,0.9843
02/04/2024,1,25000,Rifiutata,15,31750.73,100.0,300000,0,75940.5,2,0.7874
02/04/2024,2,17000,Rifiutata,9,17345.67,1000.0,100000,0,30764.63,1,0.9801
02/04/2024,3,25000,Rifiutata,7,22287.14,10000.0,100000,0,33271.57,1,1.1217
02/04/2024,4,25000,Accettata,4,27752.5,5500.0,100000,10,41893.3,1,0.9008
03/04/2024,1,46000,Rifiutata,15,52415.73,10000.0,300000,0,84976.43,5,0.8776
03/04/2024,2,46000,Rifiutata,9,63469.0,1000.0,300000,0,103626.58,3,0.7248
03/04/2024,3,46000,Rifiutata,8,65152.62,600.0,300000,0,109796.47,2,0.706
03/04/2024,4,30000,Rifiutata,7,31603.0,200.0,200000,0,69085.65,1,0.9493
03/04/2024,5,4000,Rifiutata,6,3536.83,110.0,20000,0,7370.95,0,1.131
04/04/2024,1,24000,Rifiutata,12,29735.5,3000.0,200000,1,56173.76,3,0.8071
04/04/2024,2,6000,Rifiutata,7,10975.14,200.0,75000,1,26140.07,1,0.5467
05/04/2024,1,4000,Rifiutata,12,11407.5,350.0,100000,0,27332.42,1,0.3506
06/04/2024,1,40000,Rifiutata,15,51413.73,5000.0,300000,0,85440.21,5,0.778
06/04/2024,2,32000,Rifiutata,9,54557.89,5000.0,300000,0,93667.22,3,0.5865
06/04/2024,3,35000,Rifiutata,7,58003.0,1000.0,300000,0,104523.11,2,0.6034
06/04/2024,4,40000,Rifiutata,6,67666.83,3000.0,300000,0,109964.54,2,0.5911
06/04/2024,5,18000,Rifiutata,5,21200.2,1000.0,100000,0,39443.02,1,0.849
06/04/2024,6,25000,Rifiutata,4,26500.25,3000.0,100000,1,42476.31,1,0.9434
06/04/2024,7,40000,Accettata,3,35333.33,5000.0,100000,1000,45755.39,1,1.1321
07/04/2024,1,30000,Rifiutata,12,44722.08,750.0,300000,0,94218.49,2,0.6708
07/04/2024,2,39000,Rifiutata,9,57395.56,1000.0,300000,0,105660.89,2,0.6795
07/04/2024,3,30000,,7,45221.43,1000.0,300000,0,104068.25,1,0.6634
07/04/2024,4,35000,,6,52758.33,3000.0,300000,50,110623.69,1,0.6634
07/04/2024,5,40000,Rifiutata,5,63300.0,5000.0,300000,500,118399.16,1,0.6319
07/04/2024,6,3000,Rifiutata,4,4125.0,3000.0,10000,500,3814.04,0,0.7273
08/04/2024,1,10000,Rifiutata,9,12390.56,1000.0,50000,0,16731.6,1,0.8071
08/04/2024,2,15000,Rifiutata,7,15858.57,10000.0,50000,0,17486.89,1,0.9459
08/04/2024,3,3000,Rifiutata,4,2752.5,505.0,10000,0,4204.02,0,1.0899
09/04/2024,1,34000,Rifiutata,15,44455.73,1000.0,300000,1,86325.59,3,0.7648
09/04/2024,2,34000,Rifiutata,9,57422.33,1000.0,300000,1,105646.36,2,0.5921
09/04/2024,3,20000,Rifiutata,7,45228.71,1000.0,300000,1,104065.09,1,0.4422
09/04/2024,4,30000,Rifiutata,5,62320.0,1000.0,300000,100,118896.89,1,0.4814
09/04/2024,5,40000,Rifiutata,4,75400.0,750.0,300000,100,129673.26,1,0.5305
10/04/2024,1,20000,Rifiutata,12,33448.42,150.0,300000,0,81841.05,2,0.5979
10/04/2024,2,8000,Rifiutata,9,11256.78,200.0,50000,0,17193.72,1,0.7107
10/04/2024,3,9000,Rifiutata,4,7775.0,550.0,30000,0,12837.52,0,1.1576
12/04/2024,1,28000,Rifiutata,15,28758.33,5000.0,200000,0,52754.42,3,0.9736
12/04/2024,2,28000,Rifiutata,9,36241.67,1000.0,200000,5,65493.75,2,0.7726
12/04/2024,3,18000,Rifiutata,6,20195.0,550.0,100000,20,36409.67,1,0.8913
12/04/2024,4,20000,Accettata,5,24214.0,1000.0,100000,20,38650.78,1,0.826
13/04/2024,1,42000,Rifiutata,15,50793.67,1000.0,300000,0,85771.54,5,0.8269
13/04/2024,2,50000,Rifiutata,9,72946.67,5000.0,300000,0,102542.84,4,0.6854
13/04/2024,3,39000,Rifiutata,7,65217.14,5000.0,300000,20,101947.69,3,0.598
13/04/2024,4,25000,Rifiutata,5,30304.0,1000.0,100000,20,39773.33,2,0.825
13/04/2024,5,17000,Rifiutata,3,17166.67,1000.0,50000,500,23217.57,1,0.9903
14/04/2024,1,40000,Rifiutata,12,60108.0,7500.0,300000,1,92779.03,4,0.6655
14/04/2024,2,52000,Rifiutata,9,79030.56,30000.0,300000,75,100187.93,4,0.658
14/04/2024,3,42000,Rifiutata,6,63512.5,40000.0,200000,75,72397.03,3,0.6613
14/04/2024,4,65000,Rifiutata,5,76200.0,75000.0,200000,1000,72964.1,3,0.853
14/04/2024,5,65000,Accettata,3,68666.67,5000.0,200000,1000,92881.05,1,0.9466
15/04/2024,1,28000,Rifiutata,12,49307.08,750.0,300000,5,93241.18,3,0.5679
15/04/2024,2,28000,Rifiutata,8,47706.88,750.0,300000,5,96949.53,2,0.5869
15/04/2024,3,28000,Rifiutata,6,58592.5,750.0,300000,5,109470.52,2,0.4779
15/04/2024,4,17000,Rifiutata,3,17166.67,1000.0,50000,500,23217.57,1,0.9903
28/04/2024,1,50000,Rifiutata,15,53777.0,15000.0,300000,5,84220.65,5,0.9298
28/04/2024,2,60000,Rifiutata,9,74055.56,20000.0,300000,500,101142.49,3,0.8102
28/04/2024,3,60000,Rifiutata,8,80812.5,20000.0,300000,500,105345.25,3,0.7425
28/04/2024,4,50000,Rifiutata,6,73583.33,20000.0,300000,500,106859.88,2,0.6795
28/04/2024,5,60000,Accettata,5,82300.0,10000.0,300000,500,115095.44,2,0.729
29/04/2024,1,45000,Rifiutata,15,50439.4,10000.0,300000,1,85289.41,4,0.8922
29/04/2024,2,38000,Rifiutata,9,45119.56,10000.0,200000,1,64682.16,3,0.8422
29/04/2024,3,33000,Accettata,7,42296.57,5000.0,200000,1,69026.92,2,0.7802
30/04/2024,1,36000,Rifiutata,15,33778.67,10000.0,200000,10,53329.97,4,1.0658
30/04/2024,2,36000,Rifiutata,9,40177.78,10000.0,200000,100,61574.68,3,0.896
30/04/2024,3,30000,Accettata,6,38600.0,5500.0,200000,100,72527.58,1,0.7772
06/05/2024,1,36000,Rifiutata,15,43796.07,500.0,300000,1,86585.17,3,0.822
06/05/2024,2,21000,Rifiutata,9,37973.89,500.0,300000,5,93108.75,1,0.553
06/05/2024,3,27000,Rifiutata,6,55252.5,750.0,300000,5,109988.04,1,0.4887
06/05/2024,4,33000,Rifiutata,5,66302.0,1000.0,300000,10,117406.54,1,0.4977
06/05/2024,5,9000,Rifiutata,4,7877.5,750.0,30000,10,12777.23,0,1.1425
07/05/2024,1,31000,Rifiutata,15,41129.4,200.0,300000,0,86120.8,3,0.7537
07/05/2024,2,39000,Rifiutata,9,64094.56,500.0,300000,1,104697.07,3,0.6085
07/05/2024,3,28000,Rifiutata,6,46108.33,750.0,200000,50,74016.21,2,0.6073
07/05/2024,4,39000,Rifiutata,5,55230.0,1000.0,200000,50,77941.32,2,0.7061
07/05/2024,5,31000,Accettata,4,50287.5,550.0,200000,50,86437.38,1,0.6165
08/05/2024,1,38000,Rifiutata,15,45075.73,5000.0,300000,0,85009.29,4,0.843
08/05/2024,2,44000,Rifiutata,9,64569.44,1000.0,300000,0,104418.01,3,0.6814
08/05/2024,3,30000,Rifiutata,8,47640.62,550.0,300000,0,98421.27,2,0.6297
08/05/2024,4,20000,Rifiutata,6,51020.0,550.0,300000,0,111361.1,1,0.392
08/05/2024,5,31000,Rifiutata,5,61220.0,1000.0,300000,0,119403.99,1,0.5064
08/05/2024,6,38000,Accettata,4,75275.0,550.0,300000,0,129745.62,1,0.5048
10/05/2024,1,42000,Rifiutata,15,50450.07,1000.0,300000,1,85809.14,5,0.8325
10/05/2024,2,49000,Rifiutata,12,63014.25,15000.0,300000,1,91731.7,5,0.7776
10/05/2024,3,29000,Rifiutata,8,55771.25,10500.0,300000,20,95944.36,3,0.52
10/05/2024,4,35000,Rifiutata,6,62695.0,550.0,300000,20,109576.48,2,0.5583
10/05/2024,5,15000,Rifiutata,5,15234.0,100.0,75000,20,29885.24,1,0.9846
12/05/2024,1,15000,Rifiutata,15,14110.73,500.0,100000,0,26788.76,2,1.063
12/05/2024,2,19000,Rifiutata,12,17220.0,750.0,100000,0,29108.87,2,1.1034
12/05/2024,3,9000,Rifiutata,8,15823.12,750.0,100000,0,32255.4,1,0.5688
12/05/2024,4,22000,Rifiutata,5,25215.0,10000.0,100000,75,37807.47,1,0.8725
12/05/2024,5,8000,Rifiutata,4,6518.75,5500.0,15000,75,6245.58,0,1.2272
12/05/2024,6,12500,Rifiutata,3,8666.67,10000.0,15000,1000,5792.72,0,1.4423
13/05/2024,1,33000,Rifiutata,15,33778.73,5000.0,300000,1,74234.41,3,0.9769
13/05/2024,2,15000,Rifiutata,6,20250.17,8000.0,75000,1,26742.08,1,0.7407
13/05/2024,3,20000,Rifiutata,5,24200.2,15000.0,75000,1,27650.5,1,0.8264
13/05/2024,4,7500,Rifiutata,3,5333.67,1000.0,15000,1,6847.29,0,1.4062
14/05/2024,1,47000,Rifiutata,15,50782.4,5000.0,300000,1,85622.62,5,0.9255
14/05/2024,2,47000,Rifiutata,9,74063.89,10000.0,300000,75,101793.43,4,0.6346
14/05/2024,3,35000,Rifiutata,7,51653.57,10000.0,200000,75,69615.9,3,0.6776
14/05/2024,4,35000,Rifiutata,6,58595.83,25500.0,200000,75,72915.96,3,0.5973
14/05/2024,5,47000,Accettata,4,62875.0,25500.0,200000,500,81682.6,2,0.7475
15/05/2024,1,33000,Rifiutata,15,43796.73,500.0,300000,1,86584.83,3,0.7535
15/05/2024,2,33000,Rifiutata,9,56847.89,500.0,300000,1,105943.44,2,0.5805
15/05/2024,3,14000,Rifiutata,6,33521.83,62.5,200000,1,74452.14,1,0.4176
16/05/2024,1,30000,Rifiutata,15,31790.33,1000.0,200000,0,54232.17,4,0.9437
16/05/2024,2,30000,Rifiutata,9,33483.89,75.0,200000,0,66592.05,2,0.896
16/05/2024,3,15000,Rifiutata,7,28757.86,75.0,200000,0,69910.09,1,0.5216
01/05/2024,1,43000,Rifiutata,15,51754.73,10000.0,300000,0,85126.48,5,0.8308
01/05/2024,2,49000,Rifiutata,9,70122.22,10000.0,300000,0,103331.65,3,0.6988
01/05/2024,3,58000,Rifiutata,8,78887.5,12500.0,300000,100,106398.49,3,0.7352
01/05/2024,4,32000,Accettata,5,65220.0,10000.0,300000,100,117522.57,1,0.4906
04/05/2024,1,16000,Rifiutata,15,21455.73,500.0,200000,0,49763.49,2,0.7457
04/05/2024,2,22000,Rifiutata,12,25135.92,750.0,200000,0,54825.09,2,0.8752
04/05/2024,3,29000,Rifiutata,9,33500.11,5000.0,200000,0,61056.38,2,0.8657
04/05/2024,4,36000,Rifiutata,6,44333.5,8000.0,200000,0,71802.09,2,0.812
04/05/2024,5,40000,Rifiutata,5,50200.2,1000.0,200000,0,77331.36,2,0.7968
04/05/2024,6,50000,Accettata,4,62750.0,25500.0,200000,0,81778.28,2,0.7968
05/05/2024,1,32000,Rifiutata,15,40793.4,1000.0,300000,1,85162.5,3,0.7844
05/05/2024,2,8000,Rifiutata,4,10250.25,5500.0,30000,1,12049.16,0,0.7805
05/05/2024,3,19000,Rifiutata,3,13666.67,10000.0,30000,1000,12119.77,0,1.3902
20/05/2024,1,20000,Rifiutata,15,20464.07,200.0,200000,1,51442.29,2,0.9773
20/05/2024,2,15000,Rifiutata,12,24271.75,87.5,200000,1,56775.58,2,0.618
20/05/2024,3,20000,Rifiutata,9,31243.44,100.0,200000,1,64001.42,2,0.6401
20/05/2024,4,25000,Rifiutata,8,35136.38,537.5,200000,1,66871.6,2,0.7115
20/05/2024,5,30000,Rifiutata,7,40154.43,1000.0,200000,1,70065.64,2,0.7471
20/05/2024,6,10000,Rifiutata,6,13513.5,537.5,75000,1,27553.94,1,0.74
20/05/2024,7,25000,Accettata,3,25358.33,1000.0,75000,75,35103.99,1,0.9859
